country,song,tone,bpm
CH,Refrain,C major,105.0
NL,De vogels van Holland,C major,139.0
CH,Das alte Karussell,,
BE,Messieurs les noyés de la Seine,G minor,122.0
DE,Im Wartesaal zum großen Glück,C minor,136.0
FR,Le Temps perdu,Eb major,133.0
LU,Ne crois pas,Bb major,137.0
IT,Aprite le finestre,D major,143.0
NL,Voorgoed voorbij,Bb major,128.0
BE,Le Plus Beau Jour de ma vie,Eb major,107.0
DE,So geht das jede Nacht,F major,185.0
FR,Il est là,G minor,151.0
LU,Les Amants de minuit,,
IT,Amami se vuoi,F major,110.0
NL,Net als toen,Ab major,120.0
FR,La Belle Amour,Bb minor,100.0
DK,Skibet skal sejle i nat,Eb major,97.0
LU,Tant de peine,Bb major,117.0
DE,"Telefon, Telefon",C major,112.0
IT,Corde della mia chitarra,C minor,132.0
GB,All,F major,154.0
BE,Straatdeuntje,Eb major,185.0
CH,L'Enfant que j'étais,Bb major,120.0
AT,"Wohin, kleines Pony?",C# major,102.0
FR,Dors mon amour,A major,164.0
CH,Giorgio,C major,155.0
IT,"Nel blu, dipinto di blu",Bb major,139.0
SE,Lilla stjärna,Bb major,178.0
BE,Ma petite chatte,Eb major,144.0
AT,Die ganze Welt braucht Liebe,Bb major,110.0
DE,Für zwei Groschen Musik,F major,164.0
DK,Jeg rev et blad ud af min dagbog,C major,143.0
NL,Heel de wereld,Ab major,164.0
LU,Un grand amour,C# minor,143.0
NL,Een beetje,C minor,139.0
GB,Sing Little Birdie,A major,115.0
FR,"Oui, oui, oui, oui",A major,120.0
CH,Irgendwoher,C# major,164.0
DK,"Uh, jeg ville ønske jeg var dig",C major,122.0
IT,Piove,G major,143.0
BE,Hou toch van mij,C major,119.0
DE,Heut' woll'n wir tanzen geh'n,Ab major,136.0
SE,Augustin,G major,112.0
AT,Der K. und K. Kalypso aus Wien,G minor,154.0
MC,Mon ami Pierrot,E minor,143.0
FR,Tom Pillibi,A major,133.0
GB,"Looking High, High, High",C major,112.0
MC,Ce soir,E minor,97.0
NO,Voi,C minor,155.0
DE,Bonne nuit ma chérie,C minor,123.0
BE,Mon amour pour toi,F major,172.0
AT,Du hast mich so fasziniert,Bb major,152.0
CH,Cielo e terra,D major,124.0
IT,Romantica,F minor,148.0
SE,Alla andra får varann,G major,145.0
DK,Det var en yndig tid,Eb major,99.0
NL,Wat een geluk,Ab major,143.0
LU,So laang we's du do bast,Ab major,91.0
LU,Claude Pascal,A minor,126.0
GB,Are You Sure?,Ab major,172.0
CH,Nous aurons demain,C major,104.0
FR,Paul Mauric,E major,94.0
DK,Angelique,A major,118.0
IT,Al di là,Ab major,108.0
NO,Sommer i Palma,E minor,163.0
YU,Neke davne zvezde,G major,164.0
ES,Estando contigo,G major,93.0
MC,"Allons, allons les enfants",Bb major,137.0
FI,Valoa ikkunassa,G major,100.0
NL,Wat een dag,G major,89.0
DE,Einmal sehen wir uns wieder,G major,126.0
SE,Babs,Bb major,133.0
AT,Sehnsucht,C major,148.0
BE,"September, gouden roos",F major,101.0
FR,Un premier amour,D minor,92.0
MC,Dis rien,A major,78.0
LU,Petit bonhomme,C major,115.0
YU,Ne pali svetla u sumrak,C# major,100.0
GB,Ring,Bb minor,112.0
DE,Zwei kleine Italiener,Eb major,105.0
FI,Tipi,G major,165.0
SE,Sol och vår,Ab major,117.0
IT,"Addio, addio",C major,152.0
DK,Vuggevise,Eb major,85.0
NO,"Kom sol, kom regn",Bb major,94.0
CH,Le Retour,D minor,78.0
BE,Ton nom,F major,101.0
ES,Llámame,Bb major,90.0
AT,Nur in der Wiener Luft,D major,165.0
NL,Katinka,Ab major,141.0
DK,Dansevise,A minor,97.0
CH,T'en vas pas,,
IT,Uno per tutte,Ab major,112.0
GB,Say Wonderful Things,,
FR,Elle était si jolie,C minor,120.0
MC,L'amour s'en va,D major,111.0
AT,Vielleicht geschieht ein Wunder,A major,118.0
LU,À force de prier,E major,165.0
DE,Marcel,F minor,136.0
BE,Waarom?,F minor,96.0
YU,Brodovi,C major,144.0
ES,Algo prodigioso,G minor,163.0
NL,Een speeldoos,B major,109.0
NO,Solhverv,C# major,137.0
FI,Muistojeni laulu,D major,111.0
SE,En gång i Stockholm,G major,135.0
IT,Non ho l'età,F major,99.0
GB,I Love the Little Things,Eb major,87.0
MC,Où sont,Ab major,105.0
LU,Dès que le printemps revient,E major,123.0
FR,Le Chant de Mallory,E major,110.0
AT,"Warum nur, warum?",Eb major,89.0
FI,Laiskotellen,Ab major,101.0
NO,Spiral,Bb major,144.0
DK,Sangen om dig,E major,96.0
NL,Jij bent mijn leven,G major,154.0
BE,Près de ma rivière,E major,96.0
ES,Caracola,C# major,112.0
DE,Man gewöhnt sich so schnell an das Schöne,A minor,129.0
PT,Oração,C major,126.0
YU,Život je sklopio krug,A major,85.0
CH,I miei pensieri,F major,124.0
LU,"Poupée de cire, poupée de son",F minor,155.0
GB,I Belong,Eb major,143.0
FR,N'avoue jamais,Bb major,74.0
AT,"Sag ihr, ich lass sie grüßen",Eb major,129.0
IT,"Se piangi, se ridi",A major,97.0
IE,I'm Walking the Streets in the Rain,D major,101.0
DK,For din skyld,C major,172.0
CH,"Non, à jamais sans toi",D major,112.0
MC,Va dire à l'amour,,
SE,Absent Friend,E minor,123.0
NL,Het is genoeg,C minor,155.0
YU,Čežnja,C minor,104.0
NO,Karusell,C major,137.0
PT,Sol de inverno,,
ES,"Qué bueno, qué bueno",F major,155.0
DE,"Paradies, wo bist du",C major,110.0
BE,Als het weer lente is,D major,118.0
FI,Aurinko laskee länteen,,
AT,Merci Chérie,F major,153.0
SE,Nygammal vals,G major,172.0
NO,Intet er nytt under solen,F minor,185.0
BE,"Un peu de poivre, un peu de sel",D major,162.0
IE,Come Back to Stay,C# minor,105.0
CH,Ne vois,F major,110.0
YU,Brez besed,Bb major,163.0
ES,Yo soy aquél,A major,110.0
GB,A Man Without Love,C# major,106.0
DE,Die Zeiger der Uhr,G major,185.0
LU,Ce soir je t'attendais,Bb major,166.0
FI,Christine Nyström,,
PT,Ele e ela,,
DK,"Stop, mens legen er go'",Bb major,155.0
NL,Fernando en Philippo,Bb major,146.0
FR,Chez nous,G major,108.0
MC,Bien plus fort,F major,79.0
IT,"Dio, come ti amo",A minor,101.0
GB,Puppet on a String,C minor,123.0
IE,If I Could Choose,F major,94.0
FR,Il doit faire beau là,F major,115.0
LU,L'amour est bleu,G major,112.0
MC,Boum,F# major,135.0
ES,Hablemos del amor,F major,102.0
BE,Ik heb zorgen,C# minor,178.0
SE,Som en dröm,E minor,94.0
DE,Anouschka,B major,123.0
YU,Vse rože sveta,E major,106.0
IT,Non andare più lontano,E minor,97.0
PT,O vento mudou,A major,148.0
FI,Varjoon,,
NL,Ring,C minor,114.0
AT,Warum es hunderttausend Sterne gibt,C major,164.0
NO,Dukkemann,G major,105.0
CH,Quel cœur vas,Eb major,95.0
ES,"La, la, la",C major,137.0
GB,Congratulations,A major,98.0
FR,La Source,G major,103.0
IE,Chance of a Lifetime,Eb major,104.0
SE,Göran Hederström,C# major,92.0
DE,Ein Hoch der Liebe,C# major,95.0
BE,Quand tu reviendras,D minor,110.0
MC,À chacun sa chanson,F# major,117.0
YU,Jedan dan,D major,126.0
IT,Marianne,G major,123.0
PT,Verão,Eb major,132.0
LU,Nous vivrons d'amour,F major,84.0
AT,Tausend Fenster,Eb major,111.0
CH,Guardando il sole,F minor,96.0
NO,Stress,Eb major,178.0
NL,Morgen,C# major,145.0
FI,Kun kello käy,,
ES,Vivo cantando,C minor,147.0
GB,Boom Bang,D minor,185.0
NL,De troubadour,C# minor,96.0
FR,"Un jour, un enfant",,
CH,"Bonjour, Bonjour",Ab major,109.0
MC,Jacques,C minor,139.0
IE,The Wages of Love,Bb major,148.0
BE,Jennifer Jennings,D minor,112.0
SE,"Judy, min vän",Ab major,172.0
DE,Primaballerina,A minor,121.0
LU,Catherine,F# major,113.0
FI,Kuin silloin ennen,,
YU,Pozdrav svijetu,C# major,121.0
IT,Due grosse lacrime bianche,F major,86.0
PT,Desfolhada portuguesa,C minor,162.0
NO,"Oj, oj, oj, så glad jeg skal bli",Eb major,126.0
IE,All Kinds of Everything,Bb major,107.0
GB,"Knock, Knock (Who's There?)",D major,94.0
DE,Wunder gibt es immer wieder,E major,164.0
CH,Retour,F major,137.0
FR,Marie,C# major,107.0
ES,Gwendolyne,Eb minor,153.0
NL,Waterman,D major,155.0
IT,Occhi di ragazza,G major,98.0
BE,Viens l'oublier,E major,92.0
MC,Marlène,C# minor,142.0
YU,"Pridi, dala ti bom cvet",Eb minor,106.0
LU,Alexandre Winter,Eb major,124.0
MC,"Un banc, un arbre, une rue",Eb major,178.0
ES,En un mundo nuevo,G major,129.0
DE,Diese Welt,G major,92.0
GB,Jack in the Box,C major,121.0
IT,L'amore è un attimo,F major,91.0
SE,Vita vidder,G major,120.0
NL,Tijd,F major,110.0
FI,Tie uuteen päivään,,
PT,Menina do alto da serra,Bb minor,94.0
FR,Un jardin sur la terre,C major,124.0
IE,One Day Love,E major,114.0
CH,Les Illusions de nos vingt ans,G minor,137.0
LU,"Pomme, pomme, pomme",G major,112.0
BE,"Goeie morgen, morgen",Bb major,166.0
YU,Tvoj dječak je tužan,E minor,104.0
AT,Musik,E minor,126.0
NO,Lykken er...,Bb major,126.0
MT,Marija l,C major,96.0
LU,Après toi,Bb major,114.0
GB,"Beg, Steal or Borrow",C major,137.0
DE,Nur die Liebe läßt uns leben,E major,99.0
NL,Als het om de liefde gaat,Eb major,108.0
AT,Falter im Wind,D major,94.0
IT,I giorni dell'arcobaleno,D major,165.0
PT,A festa da vida,E minor,163.0
CH,C'est la chanson de mon amour,Bb minor,122.0
YU,Muzika i ti,F major,108.0
ES,Amanece,B minor,114.0
FR,Comé,Bb minor,129.0
FI,Muistathan,,
SE,Härliga sommardag,Bb major,178.0
NO,Småting,D major,136.0
IE,Ceol an Ghrá,C minor,81.0
MC,Marie Godart and Peter MacLane,G minor,172.0
BE,À la folie ou pas du tout,G major,74.0
MT,L,Eb major,125.0
LU,Marie David,Eb minor,98.0
ES,Eres tú,D major,172.0
GB,Power to All Our Friends,E major,91.0
IL,Ey Sham,G major,91.0
SE,You're Summer,G major,163.0
FI,Tom Tom Tom,,
NO,It's Just a Game,C major,178.0
DE,Junger Tag,C minor,90.0
MC,Un train qui part,G major,136.0
PT,Tourada,A major,98.0
IE,Do I Dream,D major,98.0
CH,"Je vais me marier, Marie",F major,178.0
IT,Chi sarà con te,G major,126.0
NL,De oude muzikant,E major,185.0
YU,Gori vatra,A minor,98.0
FR,Sans toi,F# major,162.0
BE,"Baby, Baby",,
SE,Waterloo,D major,147.0
IT,Sì,G major,172.0
NL,I See a Star,E major,89.0
GB,John,B major,85.0
LU,Bye Bye I Love You,Bb major,178.0
MC,Celui qui reste et celui qui s'en va,C major,154.0
IL,Natati La Khayay,E minor,111.0
IE,Cross Your Heart,Bb major,93.0
ES,Canta y sé feliz,,
BE,Fleur de liberté,B major,178.0
GR,"Krassi, thalassa ke t' agori mou",C major,103.0
YU,Generacija '42,E major,91.0
FI,Älä mene pois (Keep Me Warm),,
NO,Karine Ström and the Bendik Singers,G major,112.0
DE,Die Sommermelodie,G major,96.0
CH,Mein Ruf nach dir,G minor,103.0
PT,E depois do adeus,D major,120.0
NL,In,C major,139.0
GB,Let Me Be the One,C major,87.0
IT,Era,Bb major,139.0
FR,Et bonjour à toi l'artiste,D major,140.0
LU,Toi,Ab minor,114.0
CH,Mikado,F# minor,103.0
FI,Old Man Fiddle,,
SE,"Jennie, Jennie",G minor,96.0
IE,That's What Friends Are For,E major,185.0
ES,Tú volverás,Bb major,91.0
IL,At Va'Ani,F major,140.0
MT,Singing This Song,A minor,113.0
YU,Dan ljubezni,F major,120.0
MC,Une chanson c'est une lettre,E minor,96.0
BE,Gelukkig zijn,C# major,116.0
PT,Madrugada,F major,97.0
DE,Ein Lied kann eine Brücke sein,G major,120.0
NO,Touch My Life with Summer,Eb major,104.0
TR,Seninle Bir Dakika,B minor,164.0
GB,Save Your Kisses for Me,G major,97.0
FR,"Un, deux, trois",A major,149.0
MC,"Toi, la musique et moi",Eb major,145.0
CH,"Djambo, Djambo",D major,97.0
AT,My Little World,,
IL,Emor Shalom,C minor,99.0
IT,We'll Live It All Again,G minor,110.0
BE,Judy et Cie,E minor,146.0
NL,The Party's Over Now,A major,110.0
IE,When,A major,153.0
FI,Pump,,
PT,Uma flor de verde pinho,G major,136.0
GR,"Panaghia mou, panaghia mou",G major,163.0
LU,Chansons pour ceux qui s'aiment,Bb major,163.0
DE,"Sing, Sang, Song",Ab major,164.0
ES,Sobran las palabras,D major,90.0
YU,Ne mogu skriti svoj bol,G minor,133.0
NO,Karine Ström,Eb major,131.0
FR,L'Oiseau et l'Enfant,C minor,125.0
GB,Rock Bottom,G major,155.0
IE,It's Nice to Be in Love Again,A major,118.0
MC,Une petite française,D minor,93.0
GR,Mathima solfez,C minor,147.0
CH,Swiss Lady,Ab major,146.0
BE,"A Million in One, Two, Three",Eb major,113.0
DE,Telegram,A major,125.0
ES,Enséñame a cantar,B major,94.0
FI,Lapponia,,
IL,Ah,E major,102.0
NL,De mallemolen,Bb major,100.0
IT,Liberà,A minor,124.0
NO,Casanova,A minor,119.0
PT,Portugal no coração,Bb major,127.0
LU,Frère Jacques,Bb minor,125.0
AT,Boom Boom Boomerang,G major,123.0
SE,Beatles,Bb major,112.0
IL,A,F minor,145.0
BE,L'amour ça fait chanter la vie,C# minor,153.0
FR,Il y aura toujours des violons,C major,133.0
MC,Les jardins de Monaco,C minor,135.0
IE,Born to Sing,C major,104.0
DE,Feuer,C minor,139.0
LU,Parlez,F minor,133.0
GR,Charlie Chaplin,G major,140.0
ES,Bailemos un vals,C major,105.0
CH,Vivre,E major,135.0
GB,Co,Eb major,93.0
IT,Questo amore,G minor,165.0
NL,'t Is OK,B minor,141.0
SE,Det blir alltid värre framåt natten,F major,162.0
AT,Mrs. Caroline Robinson,C major,85.0
DK,Boom Boom,G major,113.0
PT,Dai,F major,172.0
FI,Anna rakkaudelle tilaisuus,,
TR,Sevince,C major,147.0
NO,Mil etter mil,F major,127.0
IL,Hallelujah,B major,141.0
ES,Su canción,C# major,107.0
FR,Marie David,F minor,144.0
DE,Dschinghis Khan,A minor,144.0
IE,Happy Man,D major,104.0
DK,Disco tango,G minor,133.0
GB,Mary Ann,C major,162.0
GR,Socrati,F minor,137.0
PT,"Sobe, sobe, balão sobe",E major,99.0
CH,Trödler & Co,F minor,118.0
NO,Oliver,C major,127.0
NL,Colorado,G major,136.0
LU,J'ai déjà vu ça dans tes yeux,F major,137.0
FI,Helena,A major,123.0
IT,Raggio di luna,E major,100.0
MC,Notre vie c'est la musique,A minor,145.0
SE,Satellit,Bb major,111.0
BE,Hey Nana,Ab minor,100.0
AT,Heute in Jerusalem,F# major,113.0
IE,What's Another Year,G major,97.0
DE,Theater,Bb major,95.0
GB,Love Enough for Two,E major,137.0
CH,Cinéma,Bb major,145.0
NL,Amsterdam,F minor,162.0
IT,Non so che darei,A major,172.0
PT,"Um grande, grande amor",A major,135.0
AT,Du bist Musik,F minor,133.0
LU,Papa Pingouin,D major,117.0
SE,Just nu!,F major,140.0
FR,"Hé, hé m'sieurs dames",Eb minor,165.0
ES,Quédate esta noche,E minor,128.0
GR,Otostop,B major,185.0
DK,Tænker altid på dig,F major,91.0
TR,Petr'oil,D major,113.0
NO,Sámiid ædnan,D major,91.0
BE,Euro,D minor,137.0
MA,Bitakat Hob,A minor,122.0
FI,Matti Loiri,,
GB,Making Your Mind Up,A major,178.0
DE,Johnny Blue,D minor,115.0
FR,Humanahum,Eb major,132.0
CH,Io senza te,F# major,136.0
IE,Horoscopes,G major,132.0
CY,Monika,F major,172.0
IL,Halaylah,Eb major,126.0
GR,Feggari kalokerino,B minor,91.0
NL,Het is een wonder,E major,95.0
SE,Fångad i en dröm,C major,125.0
LU,Claude Pascal,C major,89.0
DK,Krøller eller ej,,
BE,Samson,C minor,139.0
ES,Y sólo tú,,
YU,Memic Vajta,A major,133.0
FI,Reggae O.K.,C major,131.0
AT,Wenn du da bist,Eb major,91.0
TR,Dönme Dolap,Bb major,103.0
PT,Play,A minor,135.0
NO,Aldri i livet,F major,135.0
DE,Ein bißchen Frieden,F# minor,118.0
IL,Hora,F# minor,125.0
CH,Amour on t'aime,A major,96.0
BE,Si tu aimes ma musique,B minor,128.0
CY,Mono i agapi,Bb minor,88.0
LU,Cours après le temps,C major,126.0
GB,One Step Further,E major,147.0
SE,Dag efter dag,F# minor,132.0
AT,Sonntag,C major,156.0
ES,Él,Eb minor,130.0
IE,"Here Today, Gone Tomorrow",C minor,134.0
NO,Adieu,C major,86.0
PT,Bem bom,B minor,110.0
YU,"Halo, halo",C# major,89.0
TR,Hani?,C minor,149.0
NL,Jij en ik,G major,117.0
DK,Video video,C major,88.0
FI,Nuku pommiin,D major,153.0
LU,Si la vie est cadeau,Eb minor,142.0
IL,Hi,Bb minor,112.0
SE,Främling,F minor,109.0
YU,Džuli,F major,90.0
DE,Rücksicht,Ab major,154.0
GB,I'm Never Giving Up,G major,143.0
NL,Sing Me a Song,A major,123.0
FR,Vivre,D minor,128.0
NO,Do Re Mi,G major,135.0
AT,Hurricane,Eb major,134.0
IT,Per Lucia,A minor,110.0
FI,Fantasiaa,C minor,135.0
PT,Esta balada que te dou,E major,84.0
GR,Mou Les,C# minor,129.0
CH,Io così non ci sto,B major,96.0
CY,I agapi akoma zi,F major,91.0
DK,Kloden drejer,D major,118.0
BE,Rendez,E major,149.0
TR,Opera,D major,91.0
ES,¿Quién maneja mi barca?,F minor,147.0
SE,Diggi,,
IE,Terminal 3,E major,143.0
ES,"Lady, Lady",D major,131.0
DK,Det' lige det,A major,144.0
BE,Avanti la vie,A major,91.0
IT,I treni di Tozeur,,
GB,Love Games,A major,137.0
FR,Autant d'amoureux que d'étoiles,Bb major,133.0
FI,Hengaillaan,Bb major,129.0
LU,100% d'amour,,
PT,Silêncio e tanta gente,C major,135.0
TR,Halay,G minor,123.0
NL,Ik hou van jou,D major,172.0
DE,Aufrecht geh'n,E major,85.0
CY,Anna Maria Lena,A major,141.0
CH,Welche Farbe hat der Sonnenschein?,Eb major,92.0
NO,Lenge leve livet,F major,143.0
YU,Ciao amore,C major,143.0
AT,Einfach weg,A major,121.0
NO,La det swinge,F# major,148.0
DE,Für alle,,
SE,Bra vibrationer,C major,98.0
GB,Love Is...,,
IL,"Olé, Olé",,
IE,Wait Until the Weekend Comes,G minor,120.0
IT,"Magic, Oh Magic",C major,87.0
AT,Kinder dieser Welt,,
FI,Eläköön elämä,D minor,138.0
FR,Femme dans ses rêves aussi,F minor,156.0
DK,Sku' du spørg' fra no'en,C major,145.0
CH,"Piano, piano",D major,136.0
LU,"Children, Kinder, Enfants",,
ES,La fiesta terminó,F major,80.0
TR,Didai didai dai,D major,105.0
CY,To katalava arga,A major,132.0
GR,Miazoume,,
PT,"Penso em ti, eu sei",C major,80.0
BE,Laat me nu gaan,F major,129.0
BE,J'aime la vie,D major,139.0
CH,Pas pour moi,G minor,85.0
LU,L'amour de ma vie,D major,156.0
IE,You Can Count On Me,Eb major,135.0
SE,E' de' det här du kallar kärlek?,F major,122.0
DK,Du er fuld af løgn,E major,98.0
GB,Runner in the Night,G major,141.0
DE,Über die Brücke geh'n,A major,138.0
TR,Halley,G minor,94.0
ES,Valentino,,
YU,Željo moja,,
NO,Romeo,B major,123.0
NL,Alles heeft ritme,A major,156.0
PT,Não sejas mau para mim,C# minor,127.0
FI,Päivä kahden ihmisen,D major,143.0
IS,Gleðibankinn,E major,137.0
FR,Européennes,E major,105.0
AT,Die Zeit ist einsam,B major,150.0
IL,Yavoh Yom,D minor,88.0
CY,Tora zo,C major,135.0
IE,Hold Me Now,F major,151.0
DE,Laß die Sonne in dein Herz,,
IT,Gente di mare,Eb major,185.0
YU,Ja sam za ples,,
NL,Rechtop in de wind,F major,130.0
DK,Cathrine Herdorf,F# minor,134.0
CY,Aspro mavro,Bb major,133.0
IL,Shir Habatlanim,G minor,156.0
NO,Mitt liv,C# major,172.0
GR,Stop!,Bb major,90.0
BE,Pierre,C minor,146.0
SE,Boogaloo,Ab major,83.0
GB,Only the Light,E major,144.0
FR,Les mots d'amour n'ont pas de dimanche,D major,144.0
FI,Sata salamaa,G major,134.0
IS,Hægt og hljótt,C major,132.0
CH,Moitié moitié,F# major,150.0
PT,Neste barco à vela,C# minor,146.0
ES,No estás solo,F major,133.0
AT,Nur noch Gefühl,C# major,116.0
LU,Amour amour,F major,143.0
TR,Şarkım Sevgi Üstüne,E major,139.0
CH,Ne partez pas sans moi,,
GB,Go,B minor,84.0
DK,Ka' du se hva' jeg sa'?,Eb minor,155.0
LU,Croire,,
NO,For vår jord,D major,140.0
YU,Mangup,G major,118.0
IL,Ben Adam,C minor,143.0
IE,Take Him Home,G major,89.0
NL,Shangri,E major,143.0
FR,Chanteur de charme,D major,120.0
ES,La chica que yo quiero (Made in Spain),D major,103.0
SE,Stad i ljus,G major,147.0
IT,Ti scrivo,E major,128.0
DE,Lied für einen Freund,Eb major,127.0
TR,Sufi,A minor,118.0
IS,Sókrates,C major,172.0
GR,Kloun,C major,141.0
BE,Laissez briller le soleil,F major,141.0
PT,Voltarei,G major,185.0
FI,Nauravat silmät muistetaan,Eb major,139.0
AT,"Lisa, Mona Lisa",A major,92.0
YU,Rock Me,Eb major,147.0
GB,Why Do I Always Get it Wrong?,Bb major,141.0
DK,Vi maler byen rød,A minor,93.0
SE,En dag,C# major,94.0
AT,Nur ein Lied,E major,148.0
ES,Nacida para amar,C major,153.0
FI,La dolce vita,G minor,103.0
FR,J'ai volé la vie,Ab major,147.0
IT,Avrei voluto,D major,136.0
GR,To thiko sou asteri,C major,127.0
CY,Apopse as vrethoume,C major,99.0
IL,Derech Ha'melech,Bb major,165.0
CH,Viver senza tei,F# major,113.0
DE,Flieger,D major,116.0
NL,Blijf zoals je bent,C major,77.0
PT,Conquistador,D major,137.0
NO,Venners nærhet,G major,76.0
IE,The Real Me,,
BE,Door de wind,,
LU,Monsieur,C major,120.0
TR,Bana Bana,G minor,127.0
IS,Það sem enginn sér,C major,96.0
IT,Insieme: 1992,Bb major,102.0
FR,White and Black Blues,B major,98.0
IE,Somewhere In Europe,C major,172.0
IS,Eitt Lag Enn,F major,149.0
ES,Bandido,Eb minor,128.0
GB,Give A Little Love Back To The World,Eb major,156.0
YU,Hajde Da Ludujemo,Eb major,133.0
DK,Hallo Hallo,D major,100.0
DE,Frei Zu Leben,C major,148.0
AT,Keine Mauern Mehr,F major,126.0
CH,Musik Klingt In Die Welt Hinaus,D major,120.0
BE,Macédomienne,A minor,127.0
LU,Quand Je Te Rêve,D major,140.0
CY,Milas Poli,F major,120.0
NL,Ik Wil Alles Met Je Delen,G minor,75.0
SE,Ådahl,A major,165.0
TR,Gözlerinin Hapsindeyim,E minor,96.0
IL,Shara Barechovot,Ab major,91.0
GR,Horis Skopo,,
PT,Há Sempre Alguém,D major,115.0
NO,Brandenburger Tor,C major,121.0
FI,Fri?,C major,106.0
SE,Fångad Av En Stormvind,Ab major,93.0
FR,C'est Le Dernier Qui A Parlé Qui A Raison,C major,178.0
IL,Kan,B minor,120.0
ES,Bailar Pegados,C major,144.0
CH,Canzone Per Te,,
MT,Could It Be,Eb major,154.0
IT,Comme E' Ddoce 'o Mare,D major,137.0
PT,Lusitana Paixão,,
CY,S.O.S.,A major,137.0
IE,Could It Be That I'm In Love,E major,152.0
GB,A Message To Your Heart,D major,136.0
TR,İki Dakika,,
GR,I Anixi,,
LU,Un Baiser Volé,,
IS,Nina,,
BE,Geef Het Op,E major,135.0
NO,Mrs. Thompson,,
DE,Dieser Traum Darf Niemals Sterben,D major,148.0
DK,Lige der hvor hjertet slår,,
FI,Hullu Yö,F major,127.0
YU,Brazil,A major,120.0
AT,Venedig Im Regen,,
IE,Why Me,D major,78.0
GB,One Step Out Of Time,E major,126.0
MT,Little Child,E major,155.0
IT,Rapsodia,E major,129.0
GR,Olou Tou Kosmou tin Elpida,B major,108.0
IL,Ze Rak Sport,Bb major,126.0
IS,Nei Eða Já,C major,88.0
FR,Monté La Riviè,A minor,166.0
NL,Wijs Me De Weg,F minor,123.0
AT,Zusammen Geh'n,A major,152.0
CY,Teriazoume,Bb minor,120.0
DK,Alt det som ingen ser,A major,130.0
YU,Ljubim Te Pesmama,,
ES,Todo Esto Es La Música,Bb major,134.0
CH,Mister Music Man,B minor,83.0
DE,Träume Sind Für Alle Da,F major,148.0
PT,Amor D'água Fresca,Bb major,140.0
NO,Visjoner,C minor,123.0
TR,Yaz Bitti,G major,106.0
BE,Nous On Veut Des Violons,F# minor,124.0
LU,Sou Fräi,D major,130.0
SE,I Morgon är En Annan Dag,A major,80.0
FI,Yamma Yamma,D major,121.0
IE,In Your Eyes,E major,139.0
GB,Better The Devil You Know,Bb major,156.0
CH,"Moi, Tout Simplement",Bb major,132.0
FR,Mama Corsica,C major,128.0
NO,Alle Mine Tankar,F minor,112.0
NL,Vrede,Eb major,103.0
SE,Eloise,G major,136.0
MT,This Time,F major,91.0
GR,"Ellada, Hora Tou Fotos",D minor,115.0
PT,A Cidade Até Ser Dia,D major,124.0
ES,Hombres,Ab major,103.0
IT,Sole D'europa,E minor,156.0
IS,þá Veistu Svarið,F major,103.0
AT,Maria Magdalena,D major,164.0
HR,Don't Ever Cry,D major,92.0
BA,Sva Bol Svijeta,D minor,102.0
FI,Helena,G minor,178.0
DE,Viel Zu Weit,B major,153.0
CY,Mi Stamatas,G minor,77.0
LU,Donne,C major,142.0
TR,Esmer Yarim,B major,102.0
DK,Under stjernerne på himlen,A minor,98.0
SI,Tih deževen dan,G minor,132.0
IL,Shiru,C major,131.0
BE,Iemand Als Jij,G major,145.0
IE,Rock 'n' Roll Kids,E major,124.0
PL,To Nie Ja!,D major,133.0
DE,Wir Geben 'ne Party,G major,123.0
HU,Kinek Mondjam El Vétkeimet,D major,115.0
MT,More Than Love,,
NO,Duett,C# major,148.0
FR,Je Suis Un Vrai Garçon,A major,115.0
PT,Chamar A Música,Ab major,142.0
RU,Vechni Stranik,G major,141.0
GB,We Will Be Free (Lonely Symphony),A major,89.0
CY,Ime Anthropos Ke Ego,Ab minor,108.0
IS,Nætur,A minor,106.0
SE,Stjärnorna,G major,151.0
GR,To Trehantiri,A major,172.0
BA,Ostani Kraj Mene,G major,94.0
HR,Nek'ti Bude Ljubav Sva,Eb major,135.0
AT,Für Den Frieden Der Welt,A major,96.0
ES,Ella No Es Ella,D major,100.0
CH,Sto Pregando,Bb major,145.0
SK,Nekonečná pieseň,D major,128.0
RO,Dincolo De Nori,G major,152.0
FI,Bye Bye Baby,B minor,130.0
NL,Waar Is De Zon,Bb major,78.0
EE,Nagu Merelaine,Eb minor,91.0
LT,Lopšinė mylimai,G major,140.0
NO,Nocturne,D minor,81.0
ES,Vuelve Conmigo,F minor,106.0
SE,Se på mig,E major,136.0
FR,Il Me Donne Rendez,B minor,128.0
DK,Fra Mols til Skagen,F major,101.0
HR,Nostalgija,,
SI,Prisluhni Mi,G major,144.0
IL,Amen,B major,163.0
CY,Sti Fotia,G minor,103.0
GB,Love City Groove,F# minor,99.0
MT,Keep Me In Mind,F major,163.0
GR,Pia Prosefhi,G minor,89.0
AT,Die Welt Dreht Sich Verkehrt,A major,100.0
IE,Dreamin',A major,89.0
IS,Núna,G major,124.0
TR,Sev!,G major,92.0
RU,Kolybelnaya Dlya Vulkana,D major,129.0
PL,Sama,D major,178.0
BA,Dvadeset I Prvi Vijek,F minor,99.0
BE,La Voix Est Libre,A major,154.0
PT,Baunilha e Chocolate,G major,91.0
HU,Új név egy régi ház falán,C major,163.0
DE,Verliebt In Dich,D minor,85.0
IE,The Voice,G major,125.0
NO,I Evighet,C# major,143.0
SE,Den Vilda,C major,165.0
HR,Sveta Ljubav,F major,154.0
EE,Liis Ilus,G major,100.0
PT,O Meu Coração Não Tem Cor,D minor,172.0
NL,De Eerste Keer,,
GB,Ooh...Aah...Just A Little Bit,F# major,131.0
CY,Mono Gia Mas,F major,133.0
MT,In A Woman's Heart,A minor,104.0
AT,Weil's Dr Guat Got,Eb major,118.0
TR,Beşinci Mevsim,C minor,89.0
IS,Sjúbídú,Bb major,102.0
GR,Emis Forame To Himona Anixiatika,G major,103.0
PL,Chce Znac Swój Grzech,F# minor,155.0
CH,Mon Coeur L'aime,C# major,137.0
BE,Liefde Is Een Kaartspel,C major,140.0
SK,Kým Nás Máš,Ab major,92.0
FR,Diwanit Bugale,G major,92.0
ES,"¡Ay, Qué Deseo!",Eb major,103.0
SI,Dan najlepših sanj,E major,106.0
BA,Za Našu Ljubav,Bb major,135.0
FI,Niin Kaunis On Taivas,A minor,185.0
GB,Love Shine A Light,C major,166.0
IE,Mysterious Woman,G major,145.0
TR,Dinle,C minor,102.0
IT,Fiumi Di Parole,G major,91.0
CY,Mana Mou,D minor,126.0
ES,Sin Rencor,G minor,132.0
FR,Sentiments Songes,A minor,96.0
EE,Liis Ilus,C# major,178.0
MT,Let Me Fly,E minor,147.0
SI,Zbudi Se,C minor,165.0
PL,Ale Jestem,,
GR,Horepse,E minor,115.0
HU,"Miert Kell, Hogy Elmenj?",C major,105.0
SE,Bara Hon älskar Mig,D minor,146.0
RU,Primadonna,C major,121.0
DK,Stemmen i mit liv,F# minor,94.0
HR,Probudi Me,Eb major,114.0
DE,Zeit,F minor,144.0
BA,Goodbye,Bb major,129.0
IS,Minn Hinsti Dans,C# major,141.0
AT,One Step,Bb major,111.0
CH,Dentro Di Me,D major,155.0
NL,Niemand Heeft Nog Tijd,A major,89.0
NO,San Francisco,G major,136.0
PT,Antes Do Adeus,Bb major,162.0
IL,Diva,E minor,134.0
GB,Where Are You?,G minor,126.0
MT,The One That I Love,E major,102.0
NL,Hemel En Aarde,E minor,95.0
HR,Neka Mi Ne Svane,Ab major,123.0
BE,Dis Oui,C major,95.0
DE,Guildo Hat Euch Lieb,A minor,129.0
NO,Alltid Sommer,A major,125.0
IE,Is Always Over Now?,D major,162.0
SE,Kärleken är,E major,148.0
CY,Genesis,E major,97.0
PT,Se Eu Te Pudesse Abraçar,G major,172.0
EE,Mere Lapsed,G major,102.0
TR,Unutamazsin,G minor,148.0
FI,Aava,C major,105.0
ES,¿Qué Voy A Hacer Sin Ti?,C major,147.0
PL,To Takie Proste,Eb major,100.0
SI,Naj Bogovi Slišijo,G minor,152.0
MK,"Ne Zori, Zoro",,
GR,Mia Krifi Evaisthissia,C# minor,133.0
SK,Modlitba,C major,162.0
RO,Eu Cred,C major,76.0
HU,A Holnap Már Ném Lesz Szomorú,F major,70.0
FR,Line,C minor,136.0
CH,Lass Ihn,G minor,150.0
SE,Take Me To Your Heaven,E major,144.0
IS,All Out Of Luck,E major,132.0
DE,Reise Nach Jerusalem,F major,185.0
HR,Marija Magdalena,C# minor,120.0
IL,Yom Huledeth,F major,127.0
EE,Diamond Of Night,C# major,140.0
BA,Putnici,,
DK,This Time (I Mean It),E major,100.0
NL,One Good Reason,C# major,95.0
AT,Reflection,E major,113.0
SI,For A Thousand Years,,
BE,Like The Wind,F# minor,161.0
GB,Say It Again,Eb major,89.0
NO,Living My Life Without You,,
MT,Believe 'n Peace,D major,129.0
TR,Dön Artık,C minor,120.0
IE,When You Need Me,,
PL,Przytul Mnie Mocno,,
FR,Je Veux Donner Ma Voix,C major,85.0
LT,Strazdas,D major,102.0
PT,Como Tudo Começou,D major,128.0
CY,Tha'nai Erotas,Bb major,146.0
ES,No Quiero Escuchar,C# major,88.0
DK,Fly On The Wings Of Love,D major,104.0
RU,Solo,Bb minor,105.0
LV,My Star,F major,135.0
EE,Once In A Lifetime,Eb major,125.0
DE,Wadde Hadde Dudde Da,F major,118.0
IE,Millennium Of Love,A major,151.0
SE,When Spirits Are Calling My Name,G minor,123.0
MT,Desire,C minor,106.0
HR,Kada Zaspu Andeli,E minor,152.0
TR,Yorgunum Anla,G minor,94.0
NO,My Heart Goes Boom,B major,105.0
IS,Tell Me!,D major,145.0
NL,No Goodbyes,Bb major,135.0
AT,All To You,Bb major,83.0
MK,100% Te Ljubam,,
GB,Don't Play That Song Again,Ab major,132.0
RO,The Moon,C major,139.0
ES,Colgado De Un Sueño,C major,114.0
FI,A Little Bit,Bb major,95.0
CH,La Vita Cos'è?,F# major,147.0
CY,Nomiza,Ab minor,118.0
IL,Sa'me'akh,F major,135.0
FR,On Aura Le Ciel,B major,94.0
BE,Envie De Vivre,Ab major,115.0
EE,Everybody,B major,124.0
DK,Never Ever Let You Go,Bb major,108.0
GR,Die For You,G major,124.0
FR,Pier,C minor,129.0
SE,Listen To Your Heartbeat,E major,139.0
ES,Dile Que La Quiero,C major,105.0
SI,Energy,F minor,130.0
DE,Wer Liebe Lebt,Ab major,151.0
MT,Another Summer Night,C major,126.0
HR,Strings Of My Heart,F minor,120.0
TR,Sevgiliye Son,C major,147.0
RU,Lady Alpine Blue,A minor,122.0
LT,You Got Style,Ab major,120.0
BA,Hano,D major,87.0
GB,No Dream Impossible,F major,128.0
IL,Ein Davar,D minor,102.0
PT,Só Sei Ser Feliz Assim,C major,178.0
NL,Out On My Own,A major,120.0
LV,Too Much,A major,130.0
PL,2 Long,E major,97.0
IE,Without Your Love,Bb major,154.0
IS,Angel,,
NO,On My Own,A major,128.0
LV,I Wanna,G minor,144.0
MT,7th Wonder,,
GB,Come Back,F major,124.0
EE,Runaway,F# major,128.0
FR,Il Faut Du Temps,G major,140.0
CY,Gimme,C minor,136.0
ES,Europe's Living A Celebration,C# minor,135.0
SE,dite,Ab major,138.0
RO,Tell Me Why,G minor,144.0
RU,Northern Girl,Bb major,122.0
HR,Everything I Want,D minor,100.0
IL,Light A Candle,C major,145.0
BA,Na Jastuku Za Dvoje,F major,156.0
BE,Sister,F major,133.0
SI,Samo Ljubezen,D major,140.0
TR,Leylaklar Soldu Kalbinde,G minor,113.0
GR,S.A.G.A.P.O.,F minor,102.0
AT,Say A Word,D major,130.0
MK,Od Nas Zavisi,,
FI,Addicted to You,F major,126.0
DE,I Can't Live Without Music,C major,124.0
CH,Dans Le Jardin De Mon Âme,C major,136.0
LT,Happy You,C major,120.0
DK,Tell Me Who You Are,F# minor,106.0
TR,Everyway That I Can,F major,95.0
BE,Sanomi,C minor,172.0
RU,"Ne Ver', Ne Boisia",C# major,136.0
NO,I'm Not Afraid To Move On,C major,152.0
SE,Give Me Your Love,D major,132.0
AT,Weil Der Mensch Zählt,E minor,86.0
PL,Keine Grenzen,Eb major,107.0
IS,Open Your Heart,B major,105.0
ES,Dime,,
RO,Don't Break My Heart,C major,84.0
IE,We've Got The World,D major,104.0
DE,Let's Get Happy,Eb major,145.0
NL,One More Night,C# major,116.0
UA,Hasta La Vista,,
HR,Više nisam tvoja,Eb minor,95.0
BA,Ne Brini,Bb major,132.0
GR,Never Let You Go,Ab major,172.0
FR,Monts Et Merveilles,D major,152.0
IL,Words For Love,G minor,105.0
CY,Feeling Alive,E minor,120.0
EE,Eighties Coming Back,Bb major,131.0
PT,Deixa,F major,126.0
SI,Nanana,Ab major,140.0
LV,Hello From Mars,C major,132.0
MT,To Dream Again,D major,117.0
GB,Cry Baby,Bb major,127.0
UA,Wild Dances,F major,172.0
CS,Lane Moje,B major,101.0
GR,Shake It,A minor,113.0
TR,For Real,C minor,126.0
CY,Stronger Every Minute,A major,147.0
SE,It Hurts,B major,127.0
AL,The Image Of You,C# major,130.0
DE,Can't Wait Until Tonight,A major,98.0
BA,In The Disco,A minor,134.0
ES,Para Llenarme De Ti,A minor,102.0
RU,Believe Me,F major,120.0
MT,On again... off again,Eb major,125.0
HR,You Are The Only One,E major,107.0
MK,Life,,
FR,A Chaque Pas,D major,141.0
GB,Hold On To Our Love,G major,125.0
PL,Love Song,Bb minor,105.0
RO,I Admit,C minor,108.0
IS,Heaven,C major,126.0
NL,union,E major,109.0
AT,Du Bist,F major,130.0
BE,1 Life,E minor,130.0
IE,If My World Stopped Turning,B major,148.0
NO,High,Bb major,94.0
EE,Tii,F major,130.0
IL,Le'ha'amin,F# major,90.0
DK,Shame On You,A minor,117.0
FI,Takes 2 To Tango,A minor,138.0
PT,Foi Magia,E minor,130.0
LT,What's Happened To Your Love,A major,143.0
LV,Dziesma Par Laimi,Eb major,105.0
AD,Jugarem A Estimar,F# major,132.0
BY,My Galileo,F major,128.0
MC,Notre Planète,E major,129.0
SI,Stay Forever,Ab major,95.0
CH,Celebrate,G major,111.0
GR,My Number One,F# minor,113.0
MT,Angel,G major,136.0
RO,Let Me Try,A minor,130.0
IL,Hasheket Shenish'ar,F minor,150.0
LV,The War Is Not Over,F major,105.0
MD,Boonika Bate Doba,D minor,87.0
CS,Zauvijek Moja,Bb minor,98.0
CH,Cool Vibes,D major,127.0
NO,In My Dreams,C major,126.0
DK,Talking To You,C major,172.0
HR,Vukovi Umiru Sami,D minor,162.0
HU,Forogj Világ,E minor,140.0
TR,Rimi Rimi Ley,Bb major,99.0
BA,Call Me,F minor,150.0
RU,Nobody Hurt No One,G minor,113.0
AL,Tomorrow I Go,G minor,110.0
MK,Make My Day,,
CY,Ela Ela,G minor,102.0
SE,Las Vegas,Eb minor,129.0
UA,Razom Nas Bahato,E minor,178.0
ES,Brujería,D minor,88.0
GB,Touch My Fire,Ab minor,120.0
FR,Chacun Pense à Soi,F# minor,110.0
DE,Run & Hide,A major,156.0
PL,Czarna Dziewczyna,G minor,172.0
SI,Stop,E minor,150.0
BY,Love Me Tonight,D minor,131.0
NL,My Impossible Dream,Eb major,136.0
IE,Love?,F# minor,140.0
IS,If I Had Your Love,C# major,150.0
PT,Amar,,
FI,Why,Ab minor,150.0
BG,Lorraine,G major,148.0
EE,Let's Get Loud,Bb major,116.0
AT,Y Así,G major,121.0
BE,Le Grand Soir,Ab minor,162.0
AD,La Mirada Interior,D minor,92.0
MC,Tout De Moi,D major,126.0
LT,Little By Little,C major,130.0
FI,Hard Rock Hallelujah,C minor,123.0
RU,Never Let You Go,G minor,172.0
BA,Lejla,F# minor,91.0
RO,Tornero,C# minor,130.0
SE,Invincible,B major,131.0
LT,We Are The Winners,B minor,130.0
UA,Show Me Your Love,E minor,130.0
AM,Without Your Love,A minor,166.0
GR,Everything,C major,89.0
IE,Every Song Is A Cry For Love,G major,133.0
TR,Superstar,F minor,132.0
MK,Ninanajna,E major,100.0
HR,Moja štikla,E minor,106.0
NO,Alvedansen,G minor,172.0
DE,"No, No, Never",D major,121.0
CH,If We All Give A Little,B minor,162.0
LV,I Hear Your Heart,C# minor,89.0
DK,Twist Of Love,A major,156.0
GB,Teenage Life,G major,90.0
MD,Loca,A minor,93.0
ES,Bloody Mary,C minor,136.0
FR,Il était Temps,C minor,100.0
IL,Ze Hazman,C major,90.0
MT,I Do,Bb major,136.0
PL,Follow My Heart,Eb major,107.0
BE,Je t'adore,Ab minor,135.0
IS,Congratulations,D major,178.0
AL,Zjarr E Ftohtë,A minor,112.0
CY,Why Angels Cry,G major,136.0
SI,Mr. Nobody,G major,138.0
BG,Let Me Cry,A minor,100.0
EE,Through My Window,Eb major,142.0
PT,Coisas De Nada,E major,148.0
NL,Amambanda,E minor,103.0
MC,La Coco,D major,120.0
BY,Mum,E minor,127.0
AD,Sense Tu,Eb minor,100.0
RS,Molitva,D major,152.0
UA,Dancing Lasha Tumbai,E minor,144.0
RU,Song # 1,F major,125.0
TR,Shake It Up Şekerim,F minor,108.0
BG,Water,Bb minor,137.0
BY,Work Your Magic,G minor,100.0
GR,Yassou Maria,E minor,172.0
AM,Anytime You Need,G minor,166.0
HU,Unsubstantial Blues,F# major,68.0
MD,Fight,G minor,172.0
BA,Rijeka Bez Imena,D major,156.0
GE,Visionary Dream,G major,122.0
RO,"Liubi, Liubi, I Love You",C# minor,127.0
MK,Mojot Svet,D minor,130.0
SI,Cvet Z Juga,C minor,125.0
LV,Questa Notte,G minor,118.0
FI,Leave Me Alone,C# major,141.0
SE,The Worrying Kind,D major,134.0
DE,Frauen Regieren Die Welt,C minor,135.0
ES,I Love You Mi Vida,G major,125.0
LT,Love Or Leave,Eb major,166.0
FR,L'amour à La Française,C major,166.0
GB,Flying The Flag (for You),Eb major,138.0
IE,They Can't Stop The Spring,C major,172.0
PT,Dança Comigo (Vem Ser Feliz),A minor,100.0
AD,Salvem El Món,E major,100.0
IS,Valentine Lost,G minor,86.0
PL,Time To Party,D minor,130.0
CY,"Comme Ci, Comme ça",D minor,130.0
HR,Vjerujem U Ljubav,B minor,100.0
AL,Hear My Plea,A minor,142.0
NO,Ven A Bailar Conmigo,E minor,164.0
DK,Drama Queen,A major,138.0
CH,Vampires Are Alive,Bb minor,134.0
NL,On Top Of The World,B minor,126.0
ME,Ajde Kroci,F minor,130.0
EE,Partners In Crime,E minor,115.0
IL,Push The Button,A minor,146.0
MT,Vertigo,E minor,137.0
BE,Love Power,C major,130.0
AT,Get A Life,Bb minor,128.0
CZ,Malá Dáma,,
RU,Believe,C# major,133.0
UA,Shady Lady,B major,128.0
GR,Secret Combination,F minor,111.0
AM,"Qele, Qele",A minor,124.0
NO,Hold On Be Strong,C# minor,92.0
RS,Oro,A minor,124.0
TR,Deli,A minor,151.0
AZ,Day After Day,Bb major,112.0
IL,The Fire In Your Eyes,,
BA,Pokušaj,E major,144.0
GE,Peace Will Come,F minor,154.0
LV,Wolves Of The Sea,A major,145.0
PT,Senhora Do Mar (Negras Águas),C# minor,70.0
IS,This Is My Life,,
DK,All Night Long,,
ES,Baila El Chiki Chiki,F minor,97.0
AL,Zemrën E Lamë Peng,C minor,127.0
SE,Hero,D major,127.0
FR,Divine,Eb major,142.0
RO,Pe,D major,151.0
HR,Romanca,D minor,124.0
FI,Missä Miehet Ratsastaa,B minor,140.0
DE,Disappear,A major,123.0
PL,For Life,B major,140.0
GB,Even If,,
MK,Let Me Love You,,
BG,"DJ, Take Me Away",Bb major,130.0
CH,Era Stupendo,C# major,144.0
MT,Vodka,F major,155.0
SI,Vrag Naj Vzame,A minor,126.0
MD,A Century Of Love,D major,140.0
CY,Femme Fatale,C# minor,155.0
LT,Nomads In The Night,C minor,145.0
NL,Your Heart Belongs To Me,C# major,94.0
BY,Hasta La Vista,C minor,128.0
ME,Zauvijek Volim Te,A major,127.0
IE,Irelande Douze Pointe,D minor,135.0
AD,Casanova,F# major,138.0
BE,O Julissi,G major,136.0
CZ,Have Some Fun,,
EE,Leto Svet,Bb minor,132.0
HU,Candlelight,F# major,134.0
SM,Complice,Bb minor,145.0
NO,Fairytale,D minor,108.0
IS,Is It True?,Eb major,166.0
AZ,Always,F# major,109.0
TR,Düm Tek Tek,D minor,115.0
GB,It's My Time,A minor,98.0
EE,Rändajad,F minor,124.0
GR,This Is Our Night,F# minor,128.0
FR,Et S'il Fallait Le Faire,G minor,123.0
BA,Bistra Voda,F# minor,152.0
AM,Jan Jan,E minor,115.0
RU,Mamo,D minor,130.0
UA,Be my Valentine! (Anti,F# minor,125.0
DK,Believe Again,G major,120.0
MD,Hora Din Moldova,C# minor,90.0
PT,de,G major,95.0
IL,There Must Be Another Way,Ab major,106.0
AL,Carry Me In Your Dreams,Eb minor,128.0
HR,Lijepa Tena,A major,116.0
RO,The Balkan Girls,F major,130.0
DE,Miss Kiss Kiss Bang,Bb minor,136.0
SE,La Voix,Bb major,128.0
MT,What If We,F# major,124.0
LT,Love,A minor,103.0
ES,La Noche Es Para Mí,F# minor,126.0
FI,Lose Control,A major,138.0
RS,Cipela,F minor,140.0
IE,Et Cetera,F major,172.0
MK,Neshto Shto Ke Ostane,,
ME,Just Get Out of My Life,G minor,137.0
PL,I Don't Wanna Leave,F# major,144.0
CY,Firefly,F# major,102.0
BY,Eyes That Never Lie,C major,138.0
CH,The Highest Heights,F major,118.0
HU,Dance With Me,C minor,125.0
SI,Love Symphony,A minor,132.0
NL,Shine,Ab major,132.0
AD,La Teva Decisió (Get A Life),G major,133.0
SK,Leť Tmou,E minor,153.0
BG,Illusion,E minor,130.0
LV,Probka,G minor,143.0
BE,Copycat,D major,88.0
CZ,Aven Romale,,
DE,Satellite,A major,95.0
TR,We Could Be The Same,D minor,133.0
RO,Playing With Fire,G major,122.0
DK,In a Moment like This,F# major,95.0
AZ,Drip Drop,Eb minor,147.0
BE,Me And My Guitar,A major,129.0
AM,Apricot Stone,B minor,101.0
GR,OPA,C# minor,121.0
GE,Shine,G major,135.0
UA,Sweet People,E minor,120.0
RU,Lost And Forgotten,C major,131.0
FR,Allez Ola Olé,E minor,129.0
RS,Ovo Je Balkan,G minor,105.0
IL,Milim,G minor,124.0
ES,Algo Pequeñito,D minor,178.0
AL,It's All About You,F minor,137.0
BA,Thunder and Lightning,F minor,94.0
PT,Há Dias Assim,B minor,132.0
IS,Je Ne Sais Quoi,Eb major,132.0
NO,Tangen,E major,132.0
CY,Life Looks Better In Spring,C major,152.0
MD,Run Away,D minor,130.0
IE,It's For You,C major,129.0
BY,Butterflies,,
GB,That Sounds Good To Me,Ab major,126.0
SE,This Is My Life,Ab major,165.0
FI,Työlki Ellää,A minor,117.0
LT,Eastern European Funk,E major,134.0
MT,My Dream,F# major,138.0
PL,Legenda,E major,112.0
EE,Siren,A minor,103.0
MK,Jas Ja Imam Silata,,
HR,Lako Je Sve,Eb minor,152.0
NL,Ik Ben Verliefd (Sha,A minor,162.0
SK,Horehronie,Bb minor,120.0
BG,Angel Si Ti,F major,133.0
LV,What For?,G minor,155.0
SI,Narodnozabavni Rock,A major,130.0
CH,Il Pleut de L'Or,F minor,128.0
AZ,Running Scared,,
IT,Madness Of Love,G major,144.0
SE,Popular,D minor,125.0
UA,Angel,F minor,89.0
DK,New Tomorrow,G major,147.0
BA,Love In Rewind,F# major,166.0
GR,Watch My Dance,A major,134.0
IE,Lipstick,F minor,138.0
GE,One More Day,C# major,116.0
DE,Taken By A Stranger,C minor,162.0
GB,I Can,Bb major,93.0
MD,So Lucky,E minor,148.0
SI,No One,F minor,178.0
RS,Čaroban,Ab major,138.0
FR,Sognu,E major,129.0
RU,Get You,E major,123.0
RO,Change,A major,140.0
AT,The Secret Is Love,F# minor,123.0
LT,C'est Ma Vie,E major,80.0
IS,Coming Home,D major,92.0
FI,Da Da Dam,D major,146.0
HU,What About My Dreams?,G major,127.0
ES,Que Me Quiten Lo Bailao,D major,99.0
EE,Rockefeller Street,Eb minor,130.0
CH,In Love For A While,A major,128.0
MT,One Life,D minor,137.0
AM,Boom Boom,C minor,130.0
BE,With Love Baby,C minor,178.0
TR,Live It Up,E major,127.0
AL,Feel The Passion,C# minor,99.0
BG,Na Inat,G major,85.0
SK,I'm Still Alive,A major,87.0
BY,I Love Belarus,G minor,134.0
HR,Celebrate,F# major,128.0
IL,Ding Dong,F# major,128.0
MK,Rusinka,,
SM,Stand By,F major,150.0
NO,Haba Haba,Ab major,124.0
LV,Angel In Disguise,Bb major,125.0
PT,A Luta É Alegria,Eb major,100.0
PL,Jestem,Bb major,129.0
CY,San Aggelos S'agapisa,E minor,162.0
NL,Never Alone,C major,98.0
SE,Euphoria,F# major,132.0
RU,Party For Everybody,C minor,126.0
RS,Nije Ljubav Stvar,C# minor,155.0
AZ,When The Music Dies,C# minor,126.0
AL,Suus,Bb minor,151.0
EE,Kuula,F major,129.0
TR,Love Me Back,E minor,102.0
DE,Standing Still,Eb major,108.0
IT,L'Amore È Femmina (Out Of Love),Eb minor,140.0
ES,Quédate Conmigo,C# major,166.0
MD,Lăutar,C major,107.0
RO,Zaleilah,E major,127.0
MK,Crno I Belo,,
LT,Love Is Blind,Eb minor,124.0
UA,Be My Guest,Bb major,128.0
CY,La La Love,A major,131.0
GR,Aphrodisiac,E minor,110.0
BA,Korake Ti Znam,A major,123.0
IE,Waterline,Bb major,144.0
IS,Never Forget,F minor,135.0
MT,This Is The Night,F major,122.0
FR,Echo (You And I),Bb major,137.0
DK,Should've Known Better,Eb major,95.0
HU,Sound Of Our Hearts,D major,162.0
GB,Love Will Set You Free,C# minor,120.0
NO,Stay,F minor,127.0
BG,Love Unlimited,D major,129.0
CH,Unbreakable,G major,144.0
HR,Nebo,F major,113.0
FI,När Jag Blundar,D major,87.0
PT,Vida Minha,B major,108.0
GE,I'm a Joker,Ab major,116.0
NL,You And Me,F# major,98.0
BY,We Are The Heroes,F# major,123.0
IL,Time,B major,130.0
SM,The Social Network Song (Oh Oh – Uh,Ab minor,106.0
SI,Verjamem,F major,132.0
SK,Don't Close Your Eyes,A major,162.0
ME,Euro Neuro,D major,115.0
LV,Beautiful Song,Ab minor,88.0
BE,Would You?,E major,109.0
AT,Woki Mit Deim Popo,Bb major,121.0
DK,Only Teardrops,A minor,111.0
AZ,Hold Me,Bb minor,90.0
UA,Gravity,D minor,88.0
NO,I Feed You My Love,E minor,96.0
RU,What If,A major,150.0
GR,Alcohol Is Free,D minor,172.0
IT,L'Essenziale,F# minor,126.0
MT,Tomorrow,A major,100.0
NL,Birds,E major,127.0
HU,Kedvesem,F major,172.0
MD,O Mie,Bb major,128.0
BE,Love Kills,F major,132.0
RO,It's My Life,B minor,135.0
SE,You,F# major,126.0
GE,Waterfall,G minor,162.0
BY,Solayoh,E minor,95.0
IS,Ég Á Líf,A major,149.0
AM,Lonely Planet,F# major,162.0
GB,Believe In Me,G major,132.0
EE,Et Uus Saaks Alguse,F major,155.0
DE,Glorious,Eb major,128.0
LT,Something,F major,130.0
FR,L'enfer Et Moi,C# minor,90.0
FI,Marry Me,F major,143.0
ES,Contigo Hasta El Final,C# major,156.0
IE,Only Love Survives,F# major,128.0
RS,Ljubav Je Svuda,F major,134.0
SM,Crisalide (Vola),Eb minor,152.0
BG,Samo Shampioni,A minor,130.0
ME,Igranka,C minor,130.0
CH,You And Me,B major,134.0
HR,Mižerja,F# major,102.0
IL,Rak Bishvilo,Ab major,105.0
AL,Identitet,E major,105.0
AT,Shine,D major,164.0
MK,Pred Da Se Razdeni,G minor,125.0
LV,Here We Go,F major,100.0
CY,An Me Thimasai,C major,128.0
SI,Straight Into Love,D major,128.0
AT,Rise Like a Phoenix,D minor,164.0
NL,Calm After The Storm,C# major,116.0
SE,Undo,B major,122.0
AM,Not Alone,Eb major,140.0
HU,Saunders,Bb minor,90.0
UA,Tick,F# minor,125.0
RU,Shine,E minor,120.0
NO,Silent Storm,C# major,146.0
DK,Cliche Love Song,Eb major,112.0
ES,Dancing in the rain,C major,130.0
FI,Something Better,C major,146.0
RO,Miracle,D minor,135.0
CH,Hunter Of Stars,A minor,88.0
PL,My Słowianie,A minor,156.0
IS,No Prejudice,C major,108.0
BY,Cheesecake,C# minor,95.0
GB,Children of the Universe,F# major,140.0
DE,Is It Right,G minor,132.0
ME,Moj Svijet,Bb major,107.0
GR,Rise Up,C minor,128.0
IT,La Mia Città,F major,136.0
AZ,Start A Fire,D major,151.0
MT,Coming Home,C# major,128.0
SM,Maybe (Forse),G minor,114.0
SI,Round and Round,C minor,120.0
FR,Moustache,Eb minor,128.0
PT,Quero Ser Tua,G minor,130.0
LT,Attention,F# minor,150.0
IE,Linn feat. Kasey Smith,C major,122.0
EE,Amazing,C minor,128.0
MK,To the Sky,,
LV,Cake To Bake,F# major,98.0
BE,Mother,E minor,146.0
AL,One Night's Anger,F minor,152.0
IL,Same Heart,G major,124.0
GE,Three Minutes To Earth,A major,152.0
MD,Wild Soul,D minor,140.0
SE,Heroes,C# major,124.0
RU,A Million Voices,G major,152.0
IT,Grande Amore,F minor,142.0
BE,Rhythm Inside,D minor,90.0
AU,Tonight Again,F minor,106.0
LV,Love Injected,Eb major,108.0
EE,Goodbye to Yesterday,G minor,138.0
NO,A Monster Like Me,E major,147.0
IL,Golden Boy,Ab minor,115.0
RS,Beauty Never Lies,Bb minor,129.0
GE,Warrior,F minor,141.0
AZ,Hour Of The Wolf,D major,106.0
ME,Adio,E major,94.0
SI,Here for You,F# major,156.0
RO,De La Capăt / All Over Again,,
AM,Face The Shadow,G major,121.0
AL,I'm Alive,E major,155.0
LT,This Time,Eb major,130.0
GR,One Last Breath,A minor,85.0
HU,Wars For Nothing,D major,129.0
ES,Amanecer,Eb minor,126.0
CY,One Thing I Should Have Done,,
PL,In The Name Of Love,C# major,83.0
GB,Still in Love with You,F major,117.0
FR,N’oubliez pas,A minor,128.0
AT,I Am Yours,C# major,82.0
DE,Black Smoke,Bb minor,86.0
MD,I Want Your Love,C# minor,103.0
MT,Warrior,G major,152.0
BY,Time,F minor,130.0
IE,Playing With Numbers,F major,156.0
DK,The Way You Are,C major,125.0
NL,Walk Along,F# major,86.0
CZ,Hope Never Dies,,
MK,Autumn Leaves,,
PT,Há um mar que nos Separa,A minor,111.0
IS,Unbroken,C# major,97.0
FI,Aina Mun Pitää,D minor,96.0
SM,Chain Of Lights,F minor,154.0
CH,Time To Shine,A minor,140.0
UA,1944,G minor,120.0
AU,Sound of Silence,D major,136.0
RU,You Are the Only One,Bb minor,128.0
BG,If Love Was a Crime,C major,110.0
SE,If I Were Sorry,Bb major,105.0
FR,J'ai Cherché,C# major,122.0
AM,LoveWave,Ab major,120.0
PL,Color of Your Life,E major,83.0
LT,I've Been Waiting for This Night,A major,134.0
BE,What's the Pressure,B major,117.0
NL,Slow Down,E minor,124.0
MT,Walk on Water,F# major,124.0
AT,Loin d'ici,B major,143.0
IL,Made of Stars,Bb major,140.0
LV,Heartbeat,C# major,115.0
IT,No Degree of Separation,C major,152.0
AZ,Miracle,F minor,96.0
RS,Goodbye (Shelter),Eb minor,86.0
HU,Pioneer,C minor,144.0
GE,Midnight Gold,A minor,127.0
CY,Alter Ego,Bb minor,130.0
ES,Say Yay!,C# major,125.0
HR,Lighthouse,Bb minor,116.0
GB,You're Not Alone,E major,128.0
CZ,I Stand,,
DE,Lee Kriewitz,Bb minor,85.0
BA,Ljubav Je,Eb major,172.0
MK,Dona,,
BY,Help You Fly,D minor,93.0
SM,I Didn't Know,A major,123.0
NO,Icebreaker,F# minor,178.0
ME,The Real Thing,B major,117.0
SI,Blue and Red,B minor,145.0
IS,Hear Them Calling,F major,133.0
FI,Sing It Away,F major,126.0
IE,Sunlight,Bb major,125.0
AL,Fairytale,G minor,97.0
GR,Utopian Land,C minor,110.0
DK,Soldiers of Love,Ab major,127.0
MD,Falling Stars,Ab major,126.0
CH,The Last of Our Kind,A major,162.0
EE,Play,A minor,90.0
PT,Amar Pelos Dois,F major,172.0
BG,Beautiful Mess,Eb major,126.0
MD,Hey Mamma,Bb minor,110.0
BE,City Lights,,
SE,I Can't Go On,A minor,109.0
IT,Occidentali's Karma,A major,114.0
RO,Yodel It!,Bb major,87.0
HU,Origo,F major,108.0
AU,Don't Come Easy,D major,156.0
NO,Grab the Moment,B minor,104.0
NL,Lights And Shadows,F# major,96.0
FR,Requiem,B minor,108.0
HR,My Friend,F major,138.0
AZ,Skeletons,A major,90.0
GB,Never Give Up on You,F major,129.0
AT,Running On Air,A major,90.0
BY,Historyja majho žyccia,E major,155.0
AM,Fly With Me,A minor,90.0
GR,This is Love,F major,128.0
DK,Where I Am,C# major,91.0
CY,Gravity,Bb minor,150.0
PL,Flashlight,G minor,120.0
IL,I Feel Alive,F major,125.0
UA,Time,F# major,102.0
DE,Perfect Life,Eb major,124.0
ES,Do It for Your Lover,G major,172.0
GE,Keep The Faith,G minor,132.0
RS,In Too Deep,A minor,136.0
CH,Apollo,Bb major,87.0
FI,Blackbird,D major,164.0
IE,Dying To Try,F minor,164.0
EE,Verona,,
CZ,My Turn,,
AL,World,D minor,85.0
MK,Dance Alone,,
IS,Paper,Bb major,108.0
ME,Space,A minor,120.0
MT,Breathlessly,C# major,152.0
LT,Rain Of Revolution,C minor,101.0
SI,On My Way,D minor,135.0
LV,Line,E major,126.0
SM,Spirit Of The Night,D major,140.0
IL,Toy,Eb minor,130.0
CY,Fuego,A major,101.0
AT,Nobody But You,G major,85.0
DE,You Let Me Walk Alone,B major,149.0
IT,Non Mi Avete Fatto Niente,Eb minor,90.0
CZ,Lie To Me,,
SE,Dance You Off,C# major,109.0
EE,La Forza,D minor,97.0
DK,Higher Ground,F# minor,164.0
MD,My Lucky Day,D minor,122.0
AL,Mall,E major,127.0
LT,When We're Old,Bb major,89.0
FR,Mercy,A minor,97.0
BG,Bones,F# minor,88.0
NO,That's How You Write a Song,F minor,104.0
IE,Together,F major,94.0
UA,Under the Ladder,Eb minor,140.0
NL,Outlaw In 'Em,E major,87.0
RS,Nova Deca,F# major,125.0
AU,We Got Love,G major,114.0
HU,Viszlát Nyár,Eb minor,164.0
SI,"Hvala, ne!",Ab major,140.0
ES,Tu Canción,C major,121.0
GB,Storm,Bb major,116.0
FI,Monsters,G major,122.0
PT,O Jardim,,
RO,Goodbye,E major,101.0
LV,Funny Girl,D minor,118.0
MT,Taboo,G major,122.0
AZ,X My Heart,Ab major,120.0
BE,A Matter of Time,C minor,88.0
CH,Stones,F major,166.0
PL,Light Me Up,G major,122.0
GR,Oniro Mou,C# minor,150.0
AM,Qami,F major,150.0
RU,I Won't Break,D major,91.0
BY,Forever,A minor,115.0
HR,Crazy,A minor,98.0
ME,Inje,F# minor,79.0
SM,Who We Are,F# major,127.0
GE,Jazz Band Iriao,,
MK,Lost And Found,,
IS,Our Choice,B major,130.0
NL,Arcade,F major,143.0
IT,Soldi,Eb minor,95.0
RU,Scream,D major,92.0
CH,She Got Me,F# major,97.0
SE,Too Late for Love,B major,105.0
NO,Spirit in the Sky,D minor,122.0
MK,Proud,F major,91.0
AZ,Truth,E major,101.0
AU,Heidke,F# major,132.0
IS,Hatrið mun sigra,E minor,110.0
CZ,Friend of a Friend,,
DK,Love is Forever,C# major,136.0
CY,Replay,E minor,102.0
MT,Chameleon,,
SI,Sebi,Eb major,108.0
FR,Roi,F minor,142.0
AL,Ktheju Tokës,Eb minor,117.0
RS,Kruna,Ab minor,107.0
SM,Say Na Na Na,F# major,118.0
EE,Storm,D major,128.0
GR,Better Love,Ab major,88.0
ES,La Venda,Eb major,74.0
IL,Home,Eb major,109.0
BY,Like It,C minor,105.0
DE,Sister,E major,142.0
GB,Bigger Than Us,F minor,164.0
PL,Pali się,A major,96.0
HU,Az én apám,Eb minor,96.0
LT,Run with the Lions,F major,156.0
MD,Stay,Ab major,155.0
BE,Wake Up,Bb major,145.0
RO,On a Sunday,F minor,72.0
GE,Keep on Going,,
HR,The Dream,F minor,114.0
PT,Telemóveis,F minor,123.0
LV,That Night,G minor,93.0
AM,Walking Out,F minor,130.0
ME,Heaven,D major,92.0
FI,Look Away,Bb minor,126.0
AT,Limits,F major,135.0
IE,22,,
AL,Fall From The Sky,,
AM,Chains On You,,
AU,Don't Break Me,,
AT,Alive,,
AZ,Cleopatra,,
BY,Da vidna,,
BE,Release Me,,
BG,Tears Getting Sober,,
HR,Divlji vjetre,,
CY,Running,,
CZ,Kemama,,
DK,Yes,,
EE,What Love Is,,
FI,Looking Back,,
FR,The Best in Me,,
GE,Take Me As I Am,,
DE,Violent Thing,,
GR,Superg!rl​,,
IS,Think About Things,,
IE,Story Of My Life,,
IL,Feker Libi,,
IT,Fai rumore,,
LV,Still Breathing,,
LT,On Fire,,
MT,All Of My Love,,
MD,Prison,,
NL,Grow,,
MK,You,,
NO,Attention,,
PL,Empires,,
PT,Medo de sentir,,
RO,Alcohol You,,
RU,Uno,,
SM,Freaky!,,
RS,Hasta La Vista,,
SI,Voda,,
ES,Universo,,
SE,Move,,
CH,Répondez,,
UA,Solovey,,
GB,My Last Breath,,
IT,Zitti e buoni,A minor,103.0
FR,Voilà,D minor,103.0
CH,Tout l'univers,A minor,123.0
IS,10 Years,A major,123.0
UA,Shum,,
FI,Dark Side,E minor,98.0
MT,Je Me Casse,C minor,112.0
LT,Discoteque,F minor,115.0
RU,Russian Woman,A minor,102.0
GR,Last Dance,G major,98.0
BG,Growing Up Is Getting Old,G major,93.0
PT,Love Is On My Side,E major,137.0
MD,Sugar,F# minor,120.0
SE,Voices,F major,90.0
RS,Loco Loco,F# minor,104.0
CY,El Diablo,C major,114.0
IL,Set Me Free,C# minor,107.0
NO,Fallen Angel,C# major,93.0
BE,The Wrong Place,C major,80.0
AZ,Mata Hari,E minor,100.0
AL,Karma,D minor,150.0
SM,Adrenalina,Bb minor,104.0
NL,Birth Of A New Age,Bb major,95.0
ES,Voy A Quedarme,,
DE,I Don't Feel Hate,,
GB,Embers,B major,126.0
HR,Tick,E minor,126.0
RO,Amnesia,Ab minor,120.0
DK,Øve os på hinanden,C major,124.0
AT,Amen,F# minor,80.0
EE,The Lucky One,E major,88.0
SI,Amen,B major,163.0
PL,The Ride,F# major,132.0
AU,Technicolour,F major,119.0
MK,Here I Stand,,
CZ,Omaga,,
IE,Maps,C major,143.0
GE,You,C major,134.0
LV,The Moon Is Rising,Eb minor,150.0
UA,Stefania,D minor,105.0
GB,Space Man,B major,162.0
ES,SloMo,C# minor,105.0
SE,Hold Me Closer,F# major,97.0
RS,In Corpore Sano,C minor,136.0
IT,Brividi,C major,123.0
MD,Trenulețul,A major,142.0
GR,Die Together,F major,150.0
PT,"Saudade, saudade",C# major,110.0
NO,Give That Wolf a Banana,C minor,124.0
NL,De Diepte,F major,90.0
PL,River,Eb major,140.0
EE,Hope,Eb major,123.0
LT,Sentimentai,D minor,93.0
AU,Not The Same,Bb minor,127.0
AZ,Fade To Black,A minor,130.0
CH,Boys Do Cry,F major,120.0
RO,Llámame,F major,120.0
BE,Miss You,F# minor,144.0
AM,Snap,C major,172.0
FI,Jezebel,E major,116.0
CZ,Lights Off,,
IS,Með hækkandi sól,D minor,100.0
FR,Fulenn,Bb minor,120.0
DE,Rockstars,G major,81.0
HR,Guilty Pleasure,F major,84.0
MK,Circles,,
AL,Sekret,F major,100.0
CY,Ela,,
IL,I.M,Ab minor,120.0
DK,The Show,C major,185.0
LV,Eat Your Salad,,
SM,Stripper,A minor,140.0
IE,That's Rich,A minor,123.0
MT,I Am What I Am,G major,98.0
AT,Halo,E minor,150.0
ME,Breathe,G minor,153.0
BG,Intention,D major,162.0
GE,Lock Me In,D major,107.0
SI,Disko,,
SE,Tattoo,,
FI,Cha Cha Cha,,
IL,Unicorn,,
IT,Due vite,,
NO,Queen of Kings,,
UA,Heart of Steel,,
BE,Because of You,,
EE,Bridges,,
AU,Promise,,
CZ,My Sister's Crown,,
LT,Stay,,
CY,Break a Broken Heart,,
HR,Mama ŠČ!,,
AM,Future Lover,,
AT,Who The Hell Is Edgar?,,
FR,Évidemment,,
ES,Eaea,,
MD,Soarele și Luna,,
PL,Solo,,
CH,Watergun,,
SI,Carpe Diem,,
AL,Duje,,
PT,Ai Coração,,
RS,Samo mi se spava,,
GB,I Wrote A Song,,
DE,Blood & Glitter,,
IS,Power,,
LV,Aijā,,
GE,Echo,,
GR,What They Say,,
IE,We Are One,,
NL,Burning Daylight,,
DK,Breaking My Heart,,
AZ,Tell Me More,,
MT,Dance (Our Own Party),,
RO,D.G.T. (Off and On),,
SM,Like An Animal,,
CH,The Code,,
HR,Rim Tim Tagi Dim,,
UA,Teresa & Maria,,
FR,Mon amour,,
IL,Hurricane,,
IE,Doomsday Blue,,
IT,La noia,,
AM,Jako,,
SE,Unforgettable,,
PT,Grito,,
GR,Zari,,
DE,Always on the Run,,
LU,Fighter,,
LT,Luktelk,,
CY,Liar,,
LV,Hollow,,
RS,Ramonda,,
GB,Dizzy,,
FI,No Rules!,,
EE,(nendest) narkootikumidest ei tea me (küll) midagi,,
GE,Firefighter,,
ES,Zorra,,
SI,Veronika,,
AT,We Will Rave,,
NO,Ulveham,,
AU,One Milkali (One Blood),,
CZ,Pedestal,,
PL,The Tower,,
DK,Sand,,
MD,In the Middle,,
BE,Before the Party's Over,,
SM,11:11,,
AL,Titan,,
MT,Loop,,
AZ,Özünlə Apar,,
IS,Scared of Heights,,
NL,Europapa,,
